{
    "logistic_model": {
        "accuracy": 0.6504065040650406,
        "precision": 0.42771084337349397,
        "recall": 0.6761904761904762,
        "f1_score": 0.5239852398523985
    },
    "tree_model": {
        "accuracy": 0.940379403794038,
        "precision": 0.8487394957983193,
        "recall": 0.9619047619047619,
        "f1_score": 0.9017857142857143
    }
}