,accuracy,precision,recall,f1_score
logistic_model,0.6504065040650406,0.42771084337349397,0.6761904761904762,0.5239852398523985
tree_model,0.940379403794038,0.8487394957983193,0.9619047619047619,0.9017857142857143
